{"cameraMode":{"drawMode":0,"name":"Shaded","section":"Shading Mode"},"sceneLighting":true,"audioPlay":false,"sceneViewState":{"showFog":true,"showMaterialUpdate":true,"showSkybox":true,"showFlares":true,"showImageEffects":true,"showParticleSystems":true},"in2DMode":false,"pivot":{"x":6.917049407958984,"y":-0.6197121143341065,"z":-0.20000000298023225},"rotation":{"x":0.010189961642026902,"y":-0.008402434177696705,"z":-0.00008503100980306044,"w":-0.9999133944511414},"size":11.085747718811036,"orthographic":false}